{
  "name": "chai",
  "version": "1.8.1",
  "description": "BDD/TDD assertion library for node.js and the browser. Test framework agnostic.",
  "license": "MIT",
  "keywords": [
    "test",
    "assertion",
    "assert",
    "testing",
    "chai"
  ],
  "main": "chai.js",
  "ignore": [
    "build",
    "components",
    "lib",
    "node_modules",
    "support",
    "test",
    "index.js",
    "Makefile",
    ".*"
  ],
  "dependencies": {},
  "devDependencies": {},
  "homepage": "https://github.com/chaijs/chai",
  "_release": "1.8.1",
  "_resolution": {
    "type": "version",
    "tag": "1.8.1",
    "commit": "4107c02cb1507c8554177aeeefd9732abcfd4e64"
  },
  "_source": "git://github.com/chaijs/chai.git",
  "_target": "~1.8.0",
  "_originalSource": "chai"
}