"_id","_form_id","_locale","_savepoint_type","_savepoint_timestamp","_savepoint_creator","authorization_name","item_pack_id","item_pack_name","item_description","ranges","assigned_code","is_active","is_simple","_row_etag","_filter_type","_filter_value"
"ef30a4a3-a3e5-410a-b04c-c5b4995fabee","authorizations","en_US","COMPLETE","2017-02-06T16:53:25.000000783","","Authorization 1","4cd00b02-e9c4-4e66-91e4-efdc1d31ba53","Item 1","item number one","{""ranges"":[{""min"":0,""max"":5}]}","false","true","false","","",""
"b1ab82a9-762d-4dd8-b444-7ed35ca79e25","authorizations","en_US","COMPLETE","2017-02-06T16:53:25.000000783","","Authorization 2","4f3ea549-2d13-4a82-b0fb-62397b8a40aa","Item 2","Item number2","{""ranges"":[{""min"":6,""max"":10}]}","false","true","false","","",""
"12710eae-75a1-4c94-867d-e141a44ef785","authorizations","en_US","COMPLETE","2017-02-06T16:53:25.000000783","","Voucher Authorization","78474303-b94f-407e-971d-6719161781dd","voucher","intended for vouchers","{""ranges"":[{""min"":11,""max"":15}]}","false","true","false","","",""
"fa7d08de-c685-4b09-bc42-12f66bd0181f","authorizations","en_US","COMPLETE","2017-02-06T16:53:25.000000783","","Authorization for all","4cd00b02-e9c4-4e66-91e4-efdc1d31ba53","Item 1","item number one","{""ranges"":[]}","false","true","false","","",""
