_id,_form_id,_locale,_savepoint_type,_savepoint_timestamp,_savepoint_creator,address,age,beneficiary_code,birth_date,date_screened,delivery_site,disabled_reason,first_last_name,first_name,gender,hh_size,id_number,id_type,is_active,is_override,last_name,location_accuracy,location_altitude,location_latitude,location_longitude,mobile_provider,telephone,_row_etag,_filter_type,_filter_value
uuid:89e29acd-bd47-4e29-ba44-df2b8b51de21,registration,en_US,COMPLETE,2017-02-02T00:52:22.370000000,anonymous,1815 N 48th St Seattle WA 98103,23,1,1993-06-15T07:00:00.000000000,1485996619800,a0,null,Alex Smith,Alex,Male,8,729402,Government,true,false,Smith,21.4939994812,0E+00,47.6533525,-122.3057456,Claro,206638293739,,MODIFY,anonymous
uuid:9d51c8df-60ac-4f44-8e5c-0de869178c3f,registration,en_US,COMPLETE,2017-02-02T00:52:22.370000000,anonymous,Pike St & 6th Ave,19,2,1997-04-02T07:00:00.000000000,1485996619700,a0,null,Edward Chamberlin,Edward,Male,3,134567,Government,true,false,Chamberlin,21.4939994812,0E+00,47.6533525,-122.3057456,Verizon,4254267894,,MODIFY,anonymous
uuid:36d4afa3-6cb7-47a5-94a2-d5fd1bcd8e79,registration,en_US,COMPLETE,2017-02-02T00:52:22.370000000,anonymous,West Point Lighthouse Seattle WA 98199,45,3,1980-05-01T07:00:00.000000000,1485996619600,a0,null,Elizabeth Jones,Elizabeth,Female,2,633869,Government,true,false,Jones,21.4939994812,0E+00,47.6533525,-122.3057456,Verizon,2063257983,,MODIFY,anonymous
uuid:4ed14a45-ee4d-4ba6-91ba-ace34558c370,registration,en_US,COMPLETE,2017-02-02T00:52:22.370000000,anonymous,817 N 36th St Seattle WA 98103,24,4,1992-05-01T07:00:00.000000000,1485996619500,a0,null,Danielle Thompson,Danielle,Female,5,633869,Government,true,false,Thompson,21.4939994812,0E+00,47.6533525,-122.3057456,TMobile,2064561112,,MODIFY,anonymous
