_partition,_aspect,_key,_type,_value
Column,delivery_site,displayChoicesList,object,"[{""choice_list_name"":""sites"",""data_value"":""a0"",""display"":{""title"":{""text"":""Site A""}},""_row_num"":4},{""choice_list_name"":""sites"",""data_value"":""a1"",""display"":{""title"":{""text"":""Site B""}},""_row_num"":5},{""choice_list_name"":""sites"",""data_value"":""a2"",""display"":{""title"":{""text"":""Site C""}},""_row_num"":6},{""choice_list_name"":""sites"",""data_value"":""a3"",""display"":{""title"":{""text"":""Site D""}},""_row_num"":7}]"
Column,gender,displayChoicesList,object,"[{""choice_list_name"":""genders"",""data_value"":""Male"",""display"":{""title"":{""text"":""Male""}},""_row_num"":2},{""choice_list_name"":""genders"",""data_value"":""Female"",""display"":{""title"":{""text"":""Female""}},""_row_num"":3}]"
FormType,default,FormType.formType,string,SURVEY
SurveyUtil,default,SurveyUtil.formId,string,registration
Table,default,defaultViewType,string,SPREADSHEET
Table,default,displayName,object,"{""text"":""Registration""}"
Table,security,defaultAccessOnCreation,string,HIDDEN
Table,security,unverifiedUserCanCreate,boolean,false
